{
	"credit": "Made with Blockbench",
	"texture_size": [32, 32],
	"textures": {
		"0": "item/Weiß",
		"particle": "item/Weiß"
	},
	"elements": [
		{
			"from": [7, 3, 7],
			"to": [8, 4, 8],
			"faces": {
				"north": {"uv": [2.5, 1, 3, 1.5], "texture": "#0"},
				"east": {"uv": [1.5, 2.5, 2, 3], "texture": "#0"},
				"south": {"uv": [2.5, 1.5, 3, 2], "texture": "#0"},
				"west": {"uv": [2, 2.5, 2.5, 3], "texture": "#0"},
				"up": {"uv": [3, 2.5, 2.5, 2], "texture": "#0"},
				"down": {"uv": [3, 2.5, 2.5, 3], "texture": "#0"}
			}
		},
		{
			"from": [7, 5, 7],
			"to": [8, 6, 8],
			"faces": {
				"north": {"uv": [1.5, 3, 2, 3.5], "texture": "#0"},
				"east": {"uv": [3, 1.5, 3.5, 2], "texture": "#0"},
				"south": {"uv": [2, 3, 2.5, 3.5], "texture": "#0"},
				"west": {"uv": [3, 2, 3.5, 2.5], "texture": "#0"},
				"up": {"uv": [3, 3.5, 2.5, 3], "texture": "#0"},
				"down": {"uv": [3.5, 2.5, 3, 3], "texture": "#0"}
			}
		},
		{
			"from": [7, 4, 7],
			"to": [8, 5, 8],
			"faces": {
				"north": {"uv": [0, 3, 0.5, 3.5], "texture": "#0"},
				"east": {"uv": [3, 0, 3.5, 0.5], "texture": "#0"},
				"south": {"uv": [0.5, 3, 1, 3.5], "texture": "#0"},
				"west": {"uv": [3, 0.5, 3.5, 1], "texture": "#0"},
				"up": {"uv": [1.5, 3.5, 1, 3], "texture": "#0"},
				"down": {"uv": [3.5, 1, 3, 1.5], "texture": "#0"}
			}
		},
		{
			"from": [6, 4, 7],
			"to": [7, 5, 8],
			"faces": {
				"north": {"uv": [3.5, 2.5, 4, 3], "texture": "#0"},
				"east": {"uv": [3, 3.5, 3.5, 4], "texture": "#0"},
				"south": {"uv": [3.5, 3, 4, 3.5], "texture": "#0"},
				"west": {"uv": [3.5, 3.5, 4, 4], "texture": "#0"},
				"up": {"uv": [0.5, 4.5, 0, 4], "texture": "#0"},
				"down": {"uv": [4.5, 0, 4, 0.5], "texture": "#0"}
			}
		},
		{
			"from": [6, 3, 7],
			"to": [7, 4, 8],
			"faces": {
				"north": {"uv": [3.5, 1, 4, 1.5], "texture": "#0"},
				"east": {"uv": [1.5, 3.5, 2, 4], "texture": "#0"},
				"south": {"uv": [3.5, 1.5, 4, 2], "texture": "#0"},
				"west": {"uv": [2, 3.5, 2.5, 4], "texture": "#0"},
				"up": {"uv": [4, 2.5, 3.5, 2], "texture": "#0"},
				"down": {"uv": [3, 3.5, 2.5, 4], "texture": "#0"}
			}
		},
		{
			"from": [6, 5, 7],
			"to": [7, 6, 8],
			"faces": {
				"north": {"uv": [3, 3, 3.5, 3.5], "texture": "#0"},
				"east": {"uv": [0, 3.5, 0.5, 4], "texture": "#0"},
				"south": {"uv": [3.5, 0, 4, 0.5], "texture": "#0"},
				"west": {"uv": [0.5, 3.5, 1, 4], "texture": "#0"},
				"up": {"uv": [4, 1, 3.5, 0.5], "texture": "#0"},
				"down": {"uv": [1.5, 3.5, 1, 4], "texture": "#0"}
			}
		},
		{
			"from": [5, 4, 7],
			"to": [6, 5, 8],
			"faces": {
				"north": {"uv": [3.5, 4, 4, 4.5], "texture": "#0"},
				"east": {"uv": [4, 3.5, 4.5, 4], "texture": "#0"},
				"south": {"uv": [4, 4, 4.5, 4.5], "texture": "#0"},
				"west": {"uv": [0, 4.5, 0.5, 5], "texture": "#0"},
				"up": {"uv": [5, 0.5, 4.5, 0], "texture": "#0"},
				"down": {"uv": [1, 4.5, 0.5, 5], "texture": "#0"}
			}
		},
		{
			"from": [5, 3, 7],
			"to": [6, 4, 8],
			"faces": {
				"north": {"uv": [2, 4, 2.5, 4.5], "texture": "#0"},
				"east": {"uv": [4, 2, 4.5, 2.5], "texture": "#0"},
				"south": {"uv": [2.5, 4, 3, 4.5], "texture": "#0"},
				"west": {"uv": [4, 2.5, 4.5, 3], "texture": "#0"},
				"up": {"uv": [3.5, 4.5, 3, 4], "texture": "#0"},
				"down": {"uv": [4.5, 3, 4, 3.5], "texture": "#0"}
			}
		},
		{
			"from": [5, 5, 7],
			"to": [6, 6, 8],
			"faces": {
				"north": {"uv": [0.5, 4, 1, 4.5], "texture": "#0"},
				"east": {"uv": [4, 0.5, 4.5, 1], "texture": "#0"},
				"south": {"uv": [1, 4, 1.5, 4.5], "texture": "#0"},
				"west": {"uv": [4, 1, 4.5, 1.5], "texture": "#0"},
				"up": {"uv": [2, 4.5, 1.5, 4], "texture": "#0"},
				"down": {"uv": [4.5, 1.5, 4, 2], "texture": "#0"}
			}
		},
		{
			"from": [4, 3, 7],
			"to": [5, 4, 8],
			"faces": {
				"north": {"uv": [5.5, 1, 6, 1.5], "texture": "#0"},
				"east": {"uv": [1.5, 5.5, 2, 6], "texture": "#0"},
				"south": {"uv": [5.5, 1.5, 6, 2], "texture": "#0"},
				"west": {"uv": [2, 5.5, 2.5, 6], "texture": "#0"},
				"up": {"uv": [6, 2.5, 5.5, 2], "texture": "#0"},
				"down": {"uv": [3, 5.5, 2.5, 6], "texture": "#0"}
			}
		},
		{
			"from": [4, 4, 7],
			"to": [5, 5, 8],
			"faces": {
				"north": {"uv": [5, 5, 5.5, 5.5], "texture": "#0"},
				"east": {"uv": [0, 5.5, 0.5, 6], "texture": "#0"},
				"south": {"uv": [5.5, 0, 6, 0.5], "texture": "#0"},
				"west": {"uv": [0.5, 5.5, 1, 6], "texture": "#0"},
				"up": {"uv": [6, 1, 5.5, 0.5], "texture": "#0"},
				"down": {"uv": [1.5, 5.5, 1, 6], "texture": "#0"}
			}
		},
		{
			"from": [2, 3, 7],
			"to": [3, 4, 8],
			"faces": {
				"north": {"uv": [5.5, 4, 6, 4.5], "texture": "#0"},
				"east": {"uv": [4.5, 5.5, 5, 6], "texture": "#0"},
				"south": {"uv": [5.5, 4.5, 6, 5], "texture": "#0"},
				"west": {"uv": [5, 5.5, 5.5, 6], "texture": "#0"},
				"up": {"uv": [6, 5.5, 5.5, 5], "texture": "#0"},
				"down": {"uv": [6, 5.5, 5.5, 6], "texture": "#0"}
			}
		},
		{
			"from": [2, 4, 7],
			"to": [3, 5, 8],
			"faces": {
				"north": {"uv": [5.5, 2.5, 6, 3], "texture": "#0"},
				"east": {"uv": [3, 5.5, 3.5, 6], "texture": "#0"},
				"south": {"uv": [5.5, 3, 6, 3.5], "texture": "#0"},
				"west": {"uv": [3.5, 5.5, 4, 6], "texture": "#0"},
				"up": {"uv": [6, 4, 5.5, 3.5], "texture": "#0"},
				"down": {"uv": [4.5, 5.5, 4, 6], "texture": "#0"}
			}
		},
		{
			"from": [3, 3, 7],
			"to": [4, 4, 8],
			"faces": {
				"north": {"uv": [1.5, 6, 2, 6.5], "texture": "#0"},
				"east": {"uv": [6, 1.5, 6.5, 2], "texture": "#0"},
				"south": {"uv": [2, 6, 2.5, 6.5], "texture": "#0"},
				"west": {"uv": [6, 2, 6.5, 2.5], "texture": "#0"},
				"up": {"uv": [3, 6.5, 2.5, 6], "texture": "#0"},
				"down": {"uv": [6.5, 2.5, 6, 3], "texture": "#0"}
			}
		},
		{
			"from": [3, 4, 7],
			"to": [4, 5, 8],
			"faces": {
				"north": {"uv": [0, 6, 0.5, 6.5], "texture": "#0"},
				"east": {"uv": [6, 0, 6.5, 0.5], "texture": "#0"},
				"south": {"uv": [0.5, 6, 1, 6.5], "texture": "#0"},
				"west": {"uv": [6, 0.5, 6.5, 1], "texture": "#0"},
				"up": {"uv": [1.5, 6.5, 1, 6], "texture": "#0"},
				"down": {"uv": [6.5, 1, 6, 1.5], "texture": "#0"}
			}
		},
		{
			"from": [4, 4.9, 7],
			"to": [5, 5.9, 8],
			"faces": {
				"north": {"uv": [6.5, 7, 7, 7.5], "texture": "#0"},
				"east": {"uv": [7, 6.5, 7.5, 7], "texture": "#0"},
				"south": {"uv": [7, 7, 7.5, 7.5], "texture": "#0"},
				"west": {"uv": [0, 7.5, 0.5, 8], "texture": "#0"},
				"up": {"uv": [8, 0.5, 7.5, 0], "texture": "#0"},
				"down": {"uv": [1, 7.5, 0.5, 8], "texture": "#0"}
			}
		},
		{
			"from": [2, 4.9, 7],
			"to": [3, 5.9, 8],
			"faces": {
				"north": {"uv": [5, 7, 5.5, 7.5], "texture": "#0"},
				"east": {"uv": [7, 5, 7.5, 5.5], "texture": "#0"},
				"south": {"uv": [5.5, 7, 6, 7.5], "texture": "#0"},
				"west": {"uv": [7, 5.5, 7.5, 6], "texture": "#0"},
				"up": {"uv": [6.5, 7.5, 6, 7], "texture": "#0"},
				"down": {"uv": [7.5, 6, 7, 6.5], "texture": "#0"}
			}
		},
		{
			"from": [3, 4.9, 7],
			"to": [4, 5.9, 8],
			"faces": {
				"north": {"uv": [3.5, 7, 4, 7.5], "texture": "#0"},
				"east": {"uv": [7, 3.5, 7.5, 4], "texture": "#0"},
				"south": {"uv": [4, 7, 4.5, 7.5], "texture": "#0"},
				"west": {"uv": [7, 4, 7.5, 4.5], "texture": "#0"},
				"up": {"uv": [5, 7.5, 4.5, 7], "texture": "#0"},
				"down": {"uv": [7.5, 4.5, 7, 5], "texture": "#0"}
			}
		},
		{
			"from": [2, 2, 7],
			"to": [3, 3, 8],
			"faces": {
				"north": {"uv": [6, 6, 6.5, 6.5], "texture": "#0"},
				"east": {"uv": [0, 6.5, 0.5, 7], "texture": "#0"},
				"south": {"uv": [6.5, 0, 7, 0.5], "texture": "#0"},
				"west": {"uv": [0.5, 6.5, 1, 7], "texture": "#0"},
				"up": {"uv": [7, 1, 6.5, 0.5], "texture": "#0"},
				"down": {"uv": [1.5, 6.5, 1, 7], "texture": "#0"}
			}
		},
		{
			"from": [1, 4, 7],
			"to": [2, 5, 8],
			"faces": {
				"north": {"uv": [2, 7, 2.5, 7.5], "texture": "#0"},
				"east": {"uv": [7, 2, 7.5, 2.5], "texture": "#0"},
				"south": {"uv": [2.5, 7, 3, 7.5], "texture": "#0"},
				"west": {"uv": [7, 2.5, 7.5, 3], "texture": "#0"},
				"up": {"uv": [3.5, 7.5, 3, 7], "texture": "#0"},
				"down": {"uv": [7.5, 3, 7, 3.5], "texture": "#0"}
			}
		},
		{
			"from": [1, 3, 7],
			"to": [2, 4, 8],
			"faces": {
				"north": {"uv": [0.5, 7, 1, 7.5], "texture": "#0"},
				"east": {"uv": [7, 0.5, 7.5, 1], "texture": "#0"},
				"south": {"uv": [1, 7, 1.5, 7.5], "texture": "#0"},
				"west": {"uv": [7, 1, 7.5, 1.5], "texture": "#0"},
				"up": {"uv": [2, 7.5, 1.5, 7], "texture": "#0"},
				"down": {"uv": [7.5, 1.5, 7, 2], "texture": "#0"}
			}
		},
		{
			"from": [1, 2, 7],
			"to": [2, 3, 8],
			"faces": {
				"north": {"uv": [6.5, 5.5, 7, 6], "texture": "#0"},
				"east": {"uv": [6, 6.5, 6.5, 7], "texture": "#0"},
				"south": {"uv": [6.5, 6, 7, 6.5], "texture": "#0"},
				"west": {"uv": [6.5, 6.5, 7, 7], "texture": "#0"},
				"up": {"uv": [0.5, 7.5, 0, 7], "texture": "#0"},
				"down": {"uv": [7.5, 0, 7, 0.5], "texture": "#0"}
			}
		},
		{
			"from": [3, 2, 7],
			"to": [4, 3, 8],
			"faces": {
				"north": {"uv": [4.5, 6, 5, 6.5], "texture": "#0"},
				"east": {"uv": [6, 4.5, 6.5, 5], "texture": "#0"},
				"south": {"uv": [5, 6, 5.5, 6.5], "texture": "#0"},
				"west": {"uv": [6, 5, 6.5, 5.5], "texture": "#0"},
				"up": {"uv": [6, 6.5, 5.5, 6], "texture": "#0"},
				"down": {"uv": [6.5, 5.5, 6, 6], "texture": "#0"}
			}
		},
		{
			"from": [4, 2, 7],
			"to": [5, 3, 8],
			"faces": {
				"north": {"uv": [3, 6, 3.5, 6.5], "texture": "#0"},
				"east": {"uv": [6, 3, 6.5, 3.5], "texture": "#0"},
				"south": {"uv": [3.5, 6, 4, 6.5], "texture": "#0"},
				"west": {"uv": [6, 3.5, 6.5, 4], "texture": "#0"},
				"up": {"uv": [4.5, 6.5, 4, 6], "texture": "#0"},
				"down": {"uv": [6.5, 4, 6, 4.5], "texture": "#0"}
			}
		},
		{
			"from": [4, 1, 7],
			"to": [5, 2, 8],
			"faces": {
				"north": {"uv": [6.5, 4, 7, 4.5], "texture": "#0"},
				"east": {"uv": [4.5, 6.5, 5, 7], "texture": "#0"},
				"south": {"uv": [6.5, 4.5, 7, 5], "texture": "#0"},
				"west": {"uv": [5, 6.5, 5.5, 7], "texture": "#0"},
				"up": {"uv": [7, 5.5, 6.5, 5], "texture": "#0"},
				"down": {"uv": [6, 6.5, 5.5, 7], "texture": "#0"}
			}
		},
		{
			"from": [3, 1, 7],
			"to": [4, 2, 8],
			"faces": {
				"north": {"uv": [6.5, 2.5, 7, 3], "texture": "#0"},
				"east": {"uv": [3, 6.5, 3.5, 7], "texture": "#0"},
				"south": {"uv": [6.5, 3, 7, 3.5], "texture": "#0"},
				"west": {"uv": [3.5, 6.5, 4, 7], "texture": "#0"},
				"up": {"uv": [7, 4, 6.5, 3.5], "texture": "#0"},
				"down": {"uv": [4.5, 6.5, 4, 7], "texture": "#0"}
			}
		},
		{
			"from": [2, 1, 7],
			"to": [3, 2, 8],
			"faces": {
				"north": {"uv": [6.5, 1, 7, 1.5], "texture": "#0"},
				"east": {"uv": [1.5, 6.5, 2, 7], "texture": "#0"},
				"south": {"uv": [6.5, 1.5, 7, 2], "texture": "#0"},
				"west": {"uv": [2, 6.5, 2.5, 7], "texture": "#0"},
				"up": {"uv": [7, 2.5, 6.5, 2], "texture": "#0"},
				"down": {"uv": [3, 6.5, 2.5, 7], "texture": "#0"}
			}
		},
		{
			"from": [10, 2, 7],
			"to": [11, 3, 8],
			"rotation": {"angle": 0, "axis": "y", "origin": [24, 16, 0]},
			"faces": {
				"north": {"uv": [9, 9, 9.5, 9.5], "texture": "#0"},
				"east": {"uv": [0, 9.5, 0.5, 10], "texture": "#0"},
				"south": {"uv": [9.5, 0, 10, 0.5], "texture": "#0"},
				"west": {"uv": [0.5, 9.5, 1, 10], "texture": "#0"},
				"up": {"uv": [10, 1, 9.5, 0.5], "texture": "#0"},
				"down": {"uv": [1.5, 9.5, 1, 10], "texture": "#0"}
			}
		},
		{
			"from": [10, 3, 7],
			"to": [11, 4, 8],
			"rotation": {"angle": 0, "axis": "y", "origin": [24, 16, 0]},
			"faces": {
				"north": {"uv": [7.5, 9, 8, 9.5], "texture": "#0"},
				"east": {"uv": [9, 7.5, 9.5, 8], "texture": "#0"},
				"south": {"uv": [8, 9, 8.5, 9.5], "texture": "#0"},
				"west": {"uv": [9, 8, 9.5, 8.5], "texture": "#0"},
				"up": {"uv": [9, 9.5, 8.5, 9], "texture": "#0"},
				"down": {"uv": [9.5, 8.5, 9, 9], "texture": "#0"}
			}
		},
		{
			"from": [12, 2, 7],
			"to": [13, 3, 8],
			"rotation": {"angle": 0, "axis": "y", "origin": [24, 16, 0]},
			"faces": {
				"north": {"uv": [6, 9, 6.5, 9.5], "texture": "#0"},
				"east": {"uv": [9, 6, 9.5, 6.5], "texture": "#0"},
				"south": {"uv": [6.5, 9, 7, 9.5], "texture": "#0"},
				"west": {"uv": [9, 6.5, 9.5, 7], "texture": "#0"},
				"up": {"uv": [7.5, 9.5, 7, 9], "texture": "#0"},
				"down": {"uv": [9.5, 7, 9, 7.5], "texture": "#0"}
			}
		},
		{
			"from": [12, 3, 7],
			"to": [13, 4, 8],
			"rotation": {"angle": 0, "axis": "y", "origin": [24, 16, 0]},
			"faces": {
				"north": {"uv": [4.5, 9, 5, 9.5], "texture": "#0"},
				"east": {"uv": [9, 4.5, 9.5, 5], "texture": "#0"},
				"south": {"uv": [5, 9, 5.5, 9.5], "texture": "#0"},
				"west": {"uv": [9, 5, 9.5, 5.5], "texture": "#0"},
				"up": {"uv": [6, 9.5, 5.5, 9], "texture": "#0"},
				"down": {"uv": [9.5, 5.5, 9, 6], "texture": "#0"}
			}
		},
		{
			"from": [11, 2, 7],
			"to": [12, 3, 8],
			"rotation": {"angle": 0, "axis": "y", "origin": [24, 16, 0]},
			"faces": {
				"north": {"uv": [3, 9, 3.5, 9.5], "texture": "#0"},
				"east": {"uv": [9, 3, 9.5, 3.5], "texture": "#0"},
				"south": {"uv": [3.5, 9, 4, 9.5], "texture": "#0"},
				"west": {"uv": [9, 3.5, 9.5, 4], "texture": "#0"},
				"up": {"uv": [4.5, 9.5, 4, 9], "texture": "#0"},
				"down": {"uv": [9.5, 4, 9, 4.5], "texture": "#0"}
			}
		},
		{
			"from": [11, 3, 7],
			"to": [12, 4, 8],
			"rotation": {"angle": 0, "axis": "y", "origin": [24, 16, 0]},
			"faces": {
				"north": {"uv": [1.5, 9, 2, 9.5], "texture": "#0"},
				"east": {"uv": [9, 1.5, 9.5, 2], "texture": "#0"},
				"south": {"uv": [2, 9, 2.5, 9.5], "texture": "#0"},
				"west": {"uv": [9, 2, 9.5, 2.5], "texture": "#0"},
				"up": {"uv": [3, 9.5, 2.5, 9], "texture": "#0"},
				"down": {"uv": [9.5, 2.5, 9, 3], "texture": "#0"}
			}
		},
		{
			"from": [10, 4, 7],
			"to": [11, 5, 8],
			"rotation": {"angle": 0, "axis": "y", "origin": [24, 16, 0]},
			"faces": {
				"north": {"uv": [0, 9, 0.5, 9.5], "texture": "#0"},
				"east": {"uv": [9, 0, 9.5, 0.5], "texture": "#0"},
				"south": {"uv": [0.5, 9, 1, 9.5], "texture": "#0"},
				"west": {"uv": [9, 0.5, 9.5, 1], "texture": "#0"},
				"up": {"uv": [1.5, 9.5, 1, 9], "texture": "#0"},
				"down": {"uv": [9.5, 1, 9, 1.5], "texture": "#0"}
			}
		},
		{
			"from": [11, 4, 7],
			"to": [12, 5, 8],
			"rotation": {"angle": 0, "axis": "y", "origin": [24, 16, 0]},
			"faces": {
				"north": {"uv": [8.5, 7, 9, 7.5], "texture": "#0"},
				"east": {"uv": [7.5, 8.5, 8, 9], "texture": "#0"},
				"south": {"uv": [8.5, 7.5, 9, 8], "texture": "#0"},
				"west": {"uv": [8, 8.5, 8.5, 9], "texture": "#0"},
				"up": {"uv": [9, 8.5, 8.5, 8], "texture": "#0"},
				"down": {"uv": [9, 8.5, 8.5, 9], "texture": "#0"}
			}
		},
		{
			"from": [12, 4, 7],
			"to": [13, 5, 8],
			"rotation": {"angle": 0, "axis": "y", "origin": [24, 16, 0]},
			"faces": {
				"north": {"uv": [8.5, 5.5, 9, 6], "texture": "#0"},
				"east": {"uv": [6, 8.5, 6.5, 9], "texture": "#0"},
				"south": {"uv": [8.5, 6, 9, 6.5], "texture": "#0"},
				"west": {"uv": [6.5, 8.5, 7, 9], "texture": "#0"},
				"up": {"uv": [9, 7, 8.5, 6.5], "texture": "#0"},
				"down": {"uv": [7.5, 8.5, 7, 9], "texture": "#0"}
			}
		},
		{
			"from": [12, 5, 7],
			"to": [13, 6, 8],
			"rotation": {"angle": 0, "axis": "y", "origin": [24, 16, 0]},
			"faces": {
				"north": {"uv": [8.5, 4, 9, 4.5], "texture": "#0"},
				"east": {"uv": [4.5, 8.5, 5, 9], "texture": "#0"},
				"south": {"uv": [8.5, 4.5, 9, 5], "texture": "#0"},
				"west": {"uv": [5, 8.5, 5.5, 9], "texture": "#0"},
				"up": {"uv": [9, 5.5, 8.5, 5], "texture": "#0"},
				"down": {"uv": [6, 8.5, 5.5, 9], "texture": "#0"}
			}
		},
		{
			"from": [11, 5, 7],
			"to": [12, 6, 8],
			"rotation": {"angle": 0, "axis": "y", "origin": [24, 16, 0]},
			"faces": {
				"north": {"uv": [8.5, 2.5, 9, 3], "texture": "#0"},
				"east": {"uv": [3, 8.5, 3.5, 9], "texture": "#0"},
				"south": {"uv": [8.5, 3, 9, 3.5], "texture": "#0"},
				"west": {"uv": [3.5, 8.5, 4, 9], "texture": "#0"},
				"up": {"uv": [9, 4, 8.5, 3.5], "texture": "#0"},
				"down": {"uv": [4.5, 8.5, 4, 9], "texture": "#0"}
			}
		},
		{
			"from": [10, 5, 7],
			"to": [11, 6, 8],
			"rotation": {"angle": 0, "axis": "y", "origin": [24, 16, 0]},
			"faces": {
				"north": {"uv": [8.5, 1, 9, 1.5], "texture": "#0"},
				"east": {"uv": [1.5, 8.5, 2, 9], "texture": "#0"},
				"south": {"uv": [8.5, 1.5, 9, 2], "texture": "#0"},
				"west": {"uv": [2, 8.5, 2.5, 9], "texture": "#0"},
				"up": {"uv": [9, 2.5, 8.5, 2], "texture": "#0"},
				"down": {"uv": [3, 8.5, 2.5, 9], "texture": "#0"}
			}
		},
		{
			"from": [13, 4, 7],
			"to": [14, 5, 8],
			"rotation": {"angle": 0, "axis": "y", "origin": [24, 16, 0]},
			"faces": {
				"north": {"uv": [8, 8, 8.5, 8.5], "texture": "#0"},
				"east": {"uv": [0, 8.5, 0.5, 9], "texture": "#0"},
				"south": {"uv": [8.5, 0, 9, 0.5], "texture": "#0"},
				"west": {"uv": [0.5, 8.5, 1, 9], "texture": "#0"},
				"up": {"uv": [9, 1, 8.5, 0.5], "texture": "#0"},
				"down": {"uv": [1.5, 8.5, 1, 9], "texture": "#0"}
			}
		},
		{
			"from": [13, 3, 7],
			"to": [14, 4, 8],
			"rotation": {"angle": 0, "axis": "y", "origin": [24, 16, 0]},
			"faces": {
				"north": {"uv": [6.5, 8, 7, 8.5], "texture": "#0"},
				"east": {"uv": [8, 6.5, 8.5, 7], "texture": "#0"},
				"south": {"uv": [7, 8, 7.5, 8.5], "texture": "#0"},
				"west": {"uv": [8, 7, 8.5, 7.5], "texture": "#0"},
				"up": {"uv": [8, 8.5, 7.5, 8], "texture": "#0"},
				"down": {"uv": [8.5, 7.5, 8, 8], "texture": "#0"}
			}
		},
		{
			"from": [13, 2, 7],
			"to": [14, 3, 8],
			"rotation": {"angle": 0, "axis": "y", "origin": [24, 16, 0]},
			"faces": {
				"north": {"uv": [5, 8, 5.5, 8.5], "texture": "#0"},
				"east": {"uv": [8, 5, 8.5, 5.5], "texture": "#0"},
				"south": {"uv": [5.5, 8, 6, 8.5], "texture": "#0"},
				"west": {"uv": [8, 5.5, 8.5, 6], "texture": "#0"},
				"up": {"uv": [6.5, 8.5, 6, 8], "texture": "#0"},
				"down": {"uv": [8.5, 6, 8, 6.5], "texture": "#0"}
			}
		},
		{
			"from": [11, 1.1, 7],
			"to": [12, 2.1, 8],
			"rotation": {"angle": 0, "axis": "y", "origin": [24, 16, 0]},
			"faces": {
				"north": {"uv": [3.5, 8, 4, 8.5], "texture": "#0"},
				"east": {"uv": [8, 3.5, 8.5, 4], "texture": "#0"},
				"south": {"uv": [4, 8, 4.5, 8.5], "texture": "#0"},
				"west": {"uv": [8, 4, 8.5, 4.5], "texture": "#0"},
				"up": {"uv": [5, 8.5, 4.5, 8], "texture": "#0"},
				"down": {"uv": [8.5, 4.5, 8, 5], "texture": "#0"}
			}
		},
		{
			"from": [12, 1.1, 7],
			"to": [13, 2.1, 8],
			"rotation": {"angle": 0, "axis": "y", "origin": [24, 16, 0]},
			"faces": {
				"north": {"uv": [2, 8, 2.5, 8.5], "texture": "#0"},
				"east": {"uv": [8, 2, 8.5, 2.5], "texture": "#0"},
				"south": {"uv": [2.5, 8, 3, 8.5], "texture": "#0"},
				"west": {"uv": [8, 2.5, 8.5, 3], "texture": "#0"},
				"up": {"uv": [3.5, 8.5, 3, 8], "texture": "#0"},
				"down": {"uv": [8.5, 3, 8, 3.5], "texture": "#0"}
			}
		},
		{
			"from": [10, 1.1, 7],
			"to": [11, 2.1, 8],
			"rotation": {"angle": 0, "axis": "y", "origin": [24, 16, 0]},
			"faces": {
				"north": {"uv": [0.5, 8, 1, 8.5], "texture": "#0"},
				"east": {"uv": [8, 0.5, 8.5, 1], "texture": "#0"},
				"south": {"uv": [1, 8, 1.5, 8.5], "texture": "#0"},
				"west": {"uv": [8, 1, 8.5, 1.5], "texture": "#0"},
				"up": {"uv": [2, 8.5, 1.5, 8], "texture": "#0"},
				"down": {"uv": [8.5, 1.5, 8, 2], "texture": "#0"}
			}
		},
		{
			"from": [8, 4, 7],
			"to": [9, 5, 8],
			"faces": {
				"north": {"uv": [4.5, 3.5, 5, 4], "texture": "#0"},
				"east": {"uv": [4, 4.5, 4.5, 5], "texture": "#0"},
				"south": {"uv": [4.5, 4, 5, 4.5], "texture": "#0"},
				"west": {"uv": [4.5, 4.5, 5, 5], "texture": "#0"},
				"up": {"uv": [0.5, 5.5, 0, 5], "texture": "#0"},
				"down": {"uv": [5.5, 0, 5, 0.5], "texture": "#0"}
			}
		},
		{
			"from": [8, 3, 7],
			"to": [9, 4, 8],
			"faces": {
				"north": {"uv": [4.5, 2, 5, 2.5], "texture": "#0"},
				"east": {"uv": [2.5, 4.5, 3, 5], "texture": "#0"},
				"south": {"uv": [4.5, 2.5, 5, 3], "texture": "#0"},
				"west": {"uv": [3, 4.5, 3.5, 5], "texture": "#0"},
				"up": {"uv": [5, 3.5, 4.5, 3], "texture": "#0"},
				"down": {"uv": [4, 4.5, 3.5, 5], "texture": "#0"}
			}
		},
		{
			"from": [8, 5, 7],
			"to": [9, 6, 8],
			"faces": {
				"north": {"uv": [4.5, 0.5, 5, 1], "texture": "#0"},
				"east": {"uv": [1, 4.5, 1.5, 5], "texture": "#0"},
				"south": {"uv": [4.5, 1, 5, 1.5], "texture": "#0"},
				"west": {"uv": [1.5, 4.5, 2, 5], "texture": "#0"},
				"up": {"uv": [5, 2, 4.5, 1.5], "texture": "#0"},
				"down": {"uv": [2.5, 4.5, 2, 5], "texture": "#0"}
			}
		},
		{
			"from": [9, 4, 7],
			"to": [10, 5, 8],
			"faces": {
				"north": {"uv": [3.5, 5, 4, 5.5], "texture": "#0"},
				"east": {"uv": [5, 3.5, 5.5, 4], "texture": "#0"},
				"south": {"uv": [4, 5, 4.5, 5.5], "texture": "#0"},
				"west": {"uv": [5, 4, 5.5, 4.5], "texture": "#0"},
				"up": {"uv": [5, 5.5, 4.5, 5], "texture": "#0"},
				"down": {"uv": [5.5, 4.5, 5, 5], "texture": "#0"}
			}
		},
		{
			"from": [9, 3, 7],
			"to": [10, 4, 8],
			"faces": {
				"north": {"uv": [2, 5, 2.5, 5.5], "texture": "#0"},
				"east": {"uv": [5, 2, 5.5, 2.5], "texture": "#0"},
				"south": {"uv": [2.5, 5, 3, 5.5], "texture": "#0"},
				"west": {"uv": [5, 2.5, 5.5, 3], "texture": "#0"},
				"up": {"uv": [3.5, 5.5, 3, 5], "texture": "#0"},
				"down": {"uv": [5.5, 3, 5, 3.5], "texture": "#0"}
			}
		},
		{
			"from": [7, 2, 7],
			"to": [8, 3, 8],
			"faces": {
				"north": {"uv": [2, 2, 2.5, 2.5], "texture": "#0"},
				"east": {"uv": [0, 2.5, 0.5, 3], "texture": "#0"},
				"south": {"uv": [2.5, 0, 3, 0.5], "texture": "#0"},
				"west": {"uv": [0.5, 2.5, 1, 3], "texture": "#0"},
				"up": {"uv": [3, 1, 2.5, 0.5], "texture": "#0"},
				"down": {"uv": [1.5, 2.5, 1, 3], "texture": "#0"}
			}
		},
		{
			"from": [6, 2, 7],
			"to": [7, 3, 8],
			"faces": {
				"north": {"uv": [0.5, 2, 1, 2.5], "texture": "#0"},
				"east": {"uv": [2, 0.5, 2.5, 1], "texture": "#0"},
				"south": {"uv": [1, 2, 1.5, 2.5], "texture": "#0"},
				"west": {"uv": [2, 1, 2.5, 1.5], "texture": "#0"},
				"up": {"uv": [2, 2.5, 1.5, 2], "texture": "#0"},
				"down": {"uv": [2.5, 1.5, 2, 2], "texture": "#0"}
			}
		},
		{
			"from": [5, 2, 7],
			"to": [6, 3, 8],
			"faces": {
				"north": {"uv": [1.5, 0.5, 2, 1], "texture": "#0"},
				"east": {"uv": [1, 1.5, 1.5, 2], "texture": "#0"},
				"south": {"uv": [1.5, 1, 2, 1.5], "texture": "#0"},
				"west": {"uv": [1.5, 1.5, 2, 2], "texture": "#0"},
				"up": {"uv": [0.5, 2.5, 0, 2], "texture": "#0"},
				"down": {"uv": [2.5, 0, 2, 0.5], "texture": "#0"}
			}
		},
		{
			"from": [8, 2, 7],
			"to": [9, 3, 8],
			"faces": {
				"north": {"uv": [0.5, 1, 1, 1.5], "texture": "#0"},
				"east": {"uv": [1, 0.5, 1.5, 1], "texture": "#0"},
				"south": {"uv": [1, 1, 1.5, 1.5], "texture": "#0"},
				"west": {"uv": [0, 1.5, 0.5, 2], "texture": "#0"},
				"up": {"uv": [2, 0.5, 1.5, 0], "texture": "#0"},
				"down": {"uv": [1, 1.5, 0.5, 2], "texture": "#0"}
			}
		},
		{
			"from": [9, 2, 7],
			"to": [10, 3, 8],
			"faces": {
				"north": {"uv": [0, 0, 0.5, 0.5], "texture": "#0"},
				"east": {"uv": [0, 0.5, 0.5, 1], "texture": "#0"},
				"south": {"uv": [0.5, 0, 1, 0.5], "texture": "#0"},
				"west": {"uv": [0.5, 0.5, 1, 1], "texture": "#0"},
				"up": {"uv": [0.5, 1.5, 0, 1], "texture": "#0"},
				"down": {"uv": [1.5, 0, 1, 0.5], "texture": "#0"}
			}
		},
		{
			"from": [9, 5, 7],
			"to": [10, 6, 8],
			"faces": {
				"north": {"uv": [0.5, 5, 1, 5.5], "texture": "#0"},
				"east": {"uv": [5, 0.5, 5.5, 1], "texture": "#0"},
				"south": {"uv": [1, 5, 1.5, 5.5], "texture": "#0"},
				"west": {"uv": [5, 1, 5.5, 1.5], "texture": "#0"},
				"up": {"uv": [2, 5.5, 1.5, 5], "texture": "#0"},
				"down": {"uv": [5.5, 1.5, 5, 2], "texture": "#0"}
			}
		},
		{
			"from": [7, 6, 7],
			"to": [8, 7, 8],
			"faces": {
				"north": {"uv": [7.5, 6.5, 8, 7], "texture": "#0"},
				"east": {"uv": [7, 7.5, 7.5, 8], "texture": "#0"},
				"south": {"uv": [7.5, 7, 8, 7.5], "texture": "#0"},
				"west": {"uv": [7.5, 7.5, 8, 8], "texture": "#0"},
				"up": {"uv": [0.5, 8.5, 0, 8], "texture": "#0"},
				"down": {"uv": [8.5, 0, 8, 0.5], "texture": "#0"}
			}
		},
		{
			"from": [6, 6, 7],
			"to": [7, 7, 8],
			"faces": {
				"north": {"uv": [7.5, 5, 8, 5.5], "texture": "#0"},
				"east": {"uv": [5.5, 7.5, 6, 8], "texture": "#0"},
				"south": {"uv": [7.5, 5.5, 8, 6], "texture": "#0"},
				"west": {"uv": [6, 7.5, 6.5, 8], "texture": "#0"},
				"up": {"uv": [8, 6.5, 7.5, 6], "texture": "#0"},
				"down": {"uv": [7, 7.5, 6.5, 8], "texture": "#0"}
			}
		},
		{
			"from": [5, 6, 7],
			"to": [6, 7, 8],
			"faces": {
				"north": {"uv": [7.5, 3.5, 8, 4], "texture": "#0"},
				"east": {"uv": [4, 7.5, 4.5, 8], "texture": "#0"},
				"south": {"uv": [7.5, 4, 8, 4.5], "texture": "#0"},
				"west": {"uv": [4.5, 7.5, 5, 8], "texture": "#0"},
				"up": {"uv": [8, 5, 7.5, 4.5], "texture": "#0"},
				"down": {"uv": [5.5, 7.5, 5, 8], "texture": "#0"}
			}
		},
		{
			"from": [8, 6, 7],
			"to": [9, 7, 8],
			"faces": {
				"north": {"uv": [7.5, 2, 8, 2.5], "texture": "#0"},
				"east": {"uv": [2.5, 7.5, 3, 8], "texture": "#0"},
				"south": {"uv": [7.5, 2.5, 8, 3], "texture": "#0"},
				"west": {"uv": [3, 7.5, 3.5, 8], "texture": "#0"},
				"up": {"uv": [8, 3.5, 7.5, 3], "texture": "#0"},
				"down": {"uv": [4, 7.5, 3.5, 8], "texture": "#0"}
			}
		},
		{
			"from": [9, 6, 7],
			"to": [10, 7, 8],
			"faces": {
				"north": {"uv": [7.5, 0.5, 8, 1], "texture": "#0"},
				"east": {"uv": [1, 7.5, 1.5, 8], "texture": "#0"},
				"south": {"uv": [7.5, 1, 8, 1.5], "texture": "#0"},
				"west": {"uv": [1.5, 7.5, 2, 8], "texture": "#0"},
				"up": {"uv": [8, 2, 7.5, 1.5], "texture": "#0"},
				"down": {"uv": [2.5, 7.5, 2, 8], "texture": "#0"}
			}
		}
	],
	"display": {
		"thirdperson_righthand": {
			"rotation": [-179.04, 0.44, -179.77],
			"translation": [-6.75, 6.75, 0]
		}
	}
}